{
  "num_frames": 5053,
  "Sigma": [
    [
      2.7636703996906565e-06,
      5.477101602365455e-07,
      -6.834260162016938e-07,
      -3.6041272362910647e-06,
      3.672850760835684e-05,
      0.0001710434827734673
    ],
    [
      5.477101602365455e-07,
      8.341524764132935e-06,
      9.439434092523123e-07,
      -0.00011028778025171324,
      2.2471700119920794e-05,
      0.0001292314439392655
    ],
    [
      -6.834260162016938e-07,
      9.439434092523123e-07,
      6.83639917645534e-06,
      -0.00014745360951000846,
      -5.788446217000983e-05,
      -9.987936044137454e-05
    ],
    [
      -3.6041272362910647e-06,
      -0.00011028778025171324,
      -0.00014745360951000846,
      0.04225364958383329,
      0.014023940292887551,
      0.008332054064979928
    ],
    [
      3.672850760835684e-05,
      2.2471700119920794e-05,
      -5.788446217000983e-05,
      0.014023940292887551,
      0.01436777015267297,
      -0.0037091793062420616
    ],
    [
      0.0001710434827734673,
      0.0001292314439392655,
      -9.987936044137454e-05,
      0.008332054064979928,
      -0.0037091793062420616,
      0.05348889086982636
    ]
  ],
  "S": [
    [
      0.001662429066062867,
      0.0,
      0.0,
      0.0,
      0.0,
      0.0
    ],
    [
      0.00032946377768387324,
      0.0028693167101815735,
      0.0,
      0.0,
      0.0,
      0.0
    ],
    [
      -0.0004111008584686579,
      0.0003761823319337149,
      0.0025545806140661494,
      0.0,
      0.0,
      0.0
    ],
    [
      -0.002167988583613209,
      -0.03818801394567788,
      -0.05244665782013582,
      0.1950383887436443,
      0.0,
      0.0
    ],
    [
      0.022093278058077398,
      0.005294907047233894,
      -0.019883399566514085,
      0.06783906739343414,
      0.09409640021568333,
      0.0
    ],
    [
      0.10288768782090041,
      0.033225219542460264,
      -0.027433420512532218,
      0.042992189283158525,
      -0.10223823352190317,
      0.16954504433039339
    ]
  ],
  "S_inv": [
    [
      601.5294248724256,
      5.1795026509656036e-14,
      -4.78686718465079e-14,
      -1.3429484017713844e-15,
      -2.752603549174777e-15,
      -9.970909637980134e-16
    ],
    [
      -69.06946033640764,
      348.5150302340513,
      9.476958073732024e-14,
      9.701402063081708e-16,
      2.4123102879208824e-15,
      6.510720350047885e-15
    ],
    [
      106.9733216126603,
      -51.32161266138838,
      391.4536869550148,
      -4.8734466099124784e-15,
      -1.164478437007425e-14,
      -3.417848563653197e-15
    ],
    [
      21.928383603535906,
      54.43774348844904,
      105.26357249159366,
      5.127195761006751,
      -2.70739389180434e-15,
      3.384242364755425e-16
    ],
    [
      -130.55386008292882,
      -69.70307636448418,
      6.827545790362138,
      -3.6964663682457632,
      10.627399110995183,
      -1.1818087129660072e-15
    ],
    [
      -418.47772735380005,
      -132.4375656883773,
      40.76461462162331,
      -3.529148048972607,
      6.408482868558938,
      5.898137594934913
    ]
  ],
  "S2inv": [
    [
      570700.3035565772,
      36154.12047200631,
      26232.91540703946,
      2071.8889235281417,
      -4069.2553232026044,
      -2468.2392163483732
    ],
    [
      36154.12047200634,
      149458.32980145776,
      -20234.390411122728,
      1004.1598217571469,
      -1589.4862826571712,
      -781.1349851682785
    ],
    [
      26232.9154070395,
      -20234.390411122626,
      166024.77791113668,
      370.604789116574,
      333.79838850885386,
      240.43530604282736
    ],
    [
      2071.8889235281436,
      1004.1598217571493,
      370.6047891165722,
      52.406885934824786,
      -61.90030820816781,
      -20.815400785736554
    ],
    [
      -4069.2553232026144,
      -1589.4862826571637,
      333.798388508854,
      -61.90030820816776,
      154.01026454099465,
      37.798113733543836
    ],
    [
      -2468.239216348371,
      -781.1349851682802,
      240.43530604283012,
      -20.81540078573652,
      37.798113733543815,
      34.788027088784624
    ]
  ]
}